No,공고제목,회사이름,회사위치,링크
1,"회계, 관리회계 외 경력  채용",(주)신성씨앤티,학력무관,https://job.incruit.com/jobdb_info/jobpost.asp?job=2408140000460&src=etc*search
2,세무회계사무소 회계사무원 채용,이완병세무회계사무소,학력무관,https://job.incruit.com/jobdb_info/jobpost.asp?job=2408210005141&src=etc*search
3,판교세무회계사무소 회계사무직원 구인,조앤리세무사사무소,학력무관,https://job.incruit.com/jobdb_info/jobpost.asp?job=2408270000594&src=etc*search
4,"(건설)회계,재무회계,관리회계,세무,자금 관리자/실무자 채용",주식회사 유라이프솔루션즈,5년↑,https://job.incruit.com/jobdb_info/jobpost.asp?job=2408190004022&src=etc*search
5,"회계, 재무회계 외 경력 계약직 채용",재대한구세군유지재단법인(구세군대한본영),학력무관,https://job.incruit.com/jobdb_info/jobpost.asp?job=2101110004464&src=etc*search
6,재무.회계,성진종합건설(주),경기>고양시 일산동구,https://job.incruit.com/jobdb_info/jobpost.asp?job=2408130005816&src=etc*search
7,경리회계,태진조경건설(주),경북>영주시,https://job.incruit.com/jobdb_info/jobpost.asp?job=2408160002385&src=etc*search
8,경리회계,코코스팩주식회사,경기>화성시,https://job.incruit.com/jobdb_info/jobpost.asp?job=2408270003822&src=etc*search
9,회계 사무원(회계·세무 사무소),우리세무법인,학력무관,https://job.incruit.com/jobdb_info/jobpost.asp?job=2408190002304&src=etc*search
10,회계사무소 회계사무원(신입) 모집,공인회계사이대갑사무소,학력무관,https://job.incruit.com/jobdb_info/jobpost.asp?job=2408210005354&src=etc*search
11,회계직원 구합니다.,(유)네온,전북>전주시 덕진구,https://job.incruit.com/jobdb_info/jobpost.asp?job=2408280001738&src=etc*search
12,회계 사무직 채용,주식회사 에스아이씨엔티,경북>포항시 남구,https://job.incruit.com/jobdb_info/jobpost.asp?job=2408230005049&src=etc*search
13,이석주세무회계사무소 회계사무실 3년차 이상 구합니다.,이석주세무회계사무소,고졸,https://job.incruit.com/jobdb_info/jobpost.asp?job=2408160004061&src=etc*search
14,회계사무실 경력직 회계사무원 모집(601호),(유)대신회계법인,학력무관,https://job.incruit.com/jobdb_info/jobpost.asp?job=2408130005148&src=etc*search
15,회계팀장 모집,(주)IEN한창,부산>기장군,https://job.incruit.com/jobdb_info/jobpost.asp?job=2408200005663&src=etc*search
16,경리회계 담당자,주식회사태원,경기>성남시 분당구,https://job.incruit.com/jobdb_info/jobpost.asp?job=2302030001395&src=etc*search
17,세무회계직원,세종세무회계사무소,제주>제주시,https://job.incruit.com/jobdb_info/jobpost.asp?job=2408260004944&src=etc*search
18,재무회계,(주)하이컨시,서울>강남구,https://job.incruit.com/jobdb_info/jobpost.asp?job=2407180002753&src=etc*search
19,"전산회계, 재무회계 외 신입/경력  채용",김영철공인회계사무소,학력무관,https://job.incruit.com/jobdb_info/jobpost.asp?job=2407160005406&src=etc*search
20,"수퍼빈 재무전략실 회계결산담당, 재무회계담당, 회계세무담당 모집",수퍼빈(주),신입/5년↑,https://job.incruit.com/jobdb_info/jobpost.asp?job=2210200001514&src=etc*search
21,회계직원 모집합니다.,자연속애영농조합법인,전남>화순군,https://job.incruit.com/jobdb_info/jobpost.asp?job=2408190002308&src=etc*search
22,회계 담당자 모십니다...,코엠테크(주),경기>안산시 단원구,https://job.incruit.com/jobdb_info/jobpost.asp?job=2408270004061&src=etc*search
23,"회계, 총무 신입  채용",프라임전자장부 주식회사,서울>금천구,https://job.incruit.com/jobdb_info/jobpost.asp?job=2408020001117&src=etc*search
24,[위너스펀딩] 회계팀 회계사무원 채용공고,위너스펀딩 주식회사,학력무관,https://job.incruit.com/jobdb_info/jobpost.asp?job=2209220001594&src=etc*search
25,세무회계 경력직 모집,서림도시개발 주식회사,경기>안산시 상록구,https://job.incruit.com/jobdb_info/jobpost.asp?job=2408010004989&src=etc*search
26,회계사무 경력직 모집,나순자세무회계사무소,전남>순천시,https://job.incruit.com/jobdb_info/jobpost.asp?job=2408210001529&src=etc*search
27,본사 회계팀  채용,옥시젠디벨롭먼트(주),서울>강남구,https://job.incruit.com/jobdb_info/jobpost.asp?job=2408190001276&src=etc*search
28,세무회계. 경리. 사무직,유미순세무회계사무소,서울>관악구,https://job.incruit.com/jobdb_info/jobpost.asp?job=2408220005240&src=etc*search
29,재무회계 경력직 모집,주식회사포머스,경북>경산시,https://job.incruit.com/jobdb_info/jobpost.asp?job=2405230004527&src=etc*search
30,회계팀 직원 채용,파나케이아즐거운쇼핑,경기>남양주시,https://job.incruit.com/jobdb_info/jobpost.asp?job=2408270001558&src=etc*search
31,"경리,회계,사무보조 경력자 구합니다.",,경기 화성시,https://www.jobkorea.co.kr/Recruit/GI_Read/45448809?Oem_Code=C1&logpath=1&stext=회계&listno=0&sc=230
32,현대자동차 8월 경력채용 IT 부문,현대자동차㈜,서울 서초구,https://www.jobkorea.co.kr/Recruit/GI_Read/45133743?Oem_Code=C1&logpath=1&stext=회계&listno=1
33,2024년 공영홈쇼핑 NCS기반 블라인드 채용  (신입/전문계약직/육아휴직 대체인력),㈜공영홈쇼핑,서울 마포구,https://www.jobkorea.co.kr/Recruit/GI_Read/45341839?Oem_Code=C1&logpath=1&stext=회계&listno=2
34,[동화기업/동화일렉트로라이트] 하반기 신입/경력 채용,동화기업㈜,서울 영등포구 외,https://www.jobkorea.co.kr/Recruit/GI_Read/45362508?Oem_Code=C1&logpath=1&stext=회계&listno=3
35,2024년 대한제당 부문별 신입 및 경력 채용,대한제당㈜,서울 송파구 외,https://www.jobkorea.co.kr/Recruit/GI_Read/45353430?Oem_Code=C1&logpath=1&stext=회계&listno=4
36,2025년도 신입직원 채용,사단법인 금융보안원,경기 용인시,https://www.jobkorea.co.kr/Recruit/GI_Read/45364104?Oem_Code=C1&logpath=1&stext=회계&listno=5
37,자화전자(주) 신입/경력 수시채용,자화전자㈜,충북 청주시 외,https://www.jobkorea.co.kr/Recruit/GI_Read/45388808?Oem_Code=C1&logpath=1&stext=회계&listno=6
38,제주신화월드 정규직 사원 모집,람정제주개발㈜ 제주신화월드,제주 서귀포시,https://www.jobkorea.co.kr/Recruit/GI_Read/45419701?Oem_Code=C1&logpath=1&stext=회계&listno=7
39,써모피셔 사이언티픽 코리아 8월 마지막 주  채용,써모피셔사이언티픽 코리아,서울 강남구 외,https://www.jobkorea.co.kr/Recruit/GI_Read/45415180?Oem_Code=C1&logpath=1&stext=회계&listno=8
40,"청호나이스 각 부문별 (R&D, 회계, 법무) 신입/경력 인재 채용",청호나이스㈜,인천 미추홀구 외,https://www.jobkorea.co.kr/Recruit/GI_Read/45391516?Oem_Code=C1&logpath=1&stext=회계&listno=9
41,2024 로즈맘 인터넷쇼핑몰 회계경리 담당 모집,㈜로즈맘,서울 서초구,https://www.jobkorea.co.kr/Recruit/GI_Read/45443648?Oem_Code=C1&logpath=1&stext=회계&listno=10
42,"[수질 환경업]부문별(생산관리/기술영업/연구원/총무,회계) 채용",하이퍼케미,충남 예산군 외,https://www.jobkorea.co.kr/Recruit/GI_Read/45364928?Oem_Code=C1&logpath=1&stext=회계&listno=11
43,㈜해피프린스 재무회계팀 인사/노무/총무 (경력) 채용,㈜해피프린스,서울 종로구,https://www.jobkorea.co.kr/Recruit/GI_Read/45415130?Oem_Code=C1&logpath=1&stext=회계&listno=12
44,[삼일회계법인] Public &E 경력직 채용,삼일회계법인,서울 용산구,https://www.jobkorea.co.kr/Recruit/GI_Read/45388561?Oem_Code=C1&logpath=1&stext=회계&listno=13
45,[삼일회계법인] International Tax Services 1 Part 2 경력직 채용,삼일회계법인,서울 용산구,https://www.jobkorea.co.kr/Recruit/GI_Read/45310914?Oem_Code=C1&logpath=1&stext=회계&listno=14
46,[삼일회계법인] International Tax Services 1 경력직 채용,삼일회계법인,서울 용산구,https://www.jobkorea.co.kr/Recruit/GI_Read/45117743?Oem_Code=C1&logpath=1&stext=회계&listno=15
47,재무회계 중간관리자 모집,㈜싸인텔레콤,경기 파주시,https://www.jobkorea.co.kr/Recruit/GI_Read/45441689?Oem_Code=C1&logpath=1&stext=회계&listno=16
48,회계팀 채용,메가스터디교육㈜,서울 서초구,https://www.jobkorea.co.kr/Recruit/GI_Read/45440020?Oem_Code=C1&logpath=1&stext=회계&listno=17
49,[EST AID] 재무/회계 담당자,㈜이스트에이드,서울 서초구,https://www.jobkorea.co.kr/Recruit/GI_Read/45436863?Oem_Code=C1&logpath=1&stext=회계&listno=18
50,(주)아이센스 재무팀 회계담당 경력직 채용,㈜아이센스,서울 서초구,https://www.jobkorea.co.kr/Recruit/GI_Read/45433992?Oem_Code=C1&logpath=1&stext=회계&listno=19
51,"[엘리시아] 법인 공통  -  회계, 세무 담당자 모집(주니어급)",㈜쁘띠엘린,서울 서초구,https://www.jobkorea.co.kr/Recruit/GI_Read/45432408?Oem_Code=C1&logpath=1&stext=회계&listno=20
